{
  "project_info": {
    "project_number": "1059204474750",
    "project_id": "foodkaiiii",
    "storage_bucket": "foodkaiiii.firebasestorage.app"
  },
  "client": [
    {
      "client_info": {
        "mobilesdk_app_id": "1:1059204474750:android:58bbec5cfc8f06785b352f",
        "android_client_info": {
          "package_name": "com.example.food_kai"
        }
      },
      "oauth_client": [
        {
          "client_id": "1059204474750-vbe3vnkja3t0sb1j19k48vjh0u3fdu66.apps.googleusercontent.com",
          "client_type": 3
        }
      ],
      "api_key": [
        {
          "current_key": "AIzaSyDIsDkSTokthkkTIDmVjf6OKP3QLJ_chuY"
        }
      ],
      "services": {
        "appinvite_service": {
          "other_platform_oauth_client": [
            {
              "client_id": "1059204474750-vbe3vnkja3t0sb1j19k48vjh0u3fdu66.apps.googleusercontent.com",
              "client_type": 3
            }
          ]
        }
      }
    }
  ],
  "configuration_version": "1"
}